Date,RegionName,InventorySeasonallyAdjusted_AllHomes,InventoryRaw_AllHomes,MedianListingPricePerSqft_1Bedroom,MedianListingPricePerSqft_2Bedroom,MedianListingPricePerSqft_3Bedroom,MedianListingPricePerSqft_4Bedroom,MedianListingPricePerSqft_5BedroomOrMore,MedianListingPricePerSqft_AllHomes,InventoryRaw_AllHomes_lag1,InventoryRaw_AllHomes_lag3,InventoryRaw_AllHomes_lag6,InventoryRaw_AllHomes_lag12,InventorySeasonallyAdjusted_AllHomes_lag1,InventorySeasonallyAdjusted_AllHomes_lag3,InventorySeasonallyAdjusted_AllHomes_lag6,InventorySeasonallyAdjusted_AllHomes_lag12,MedianListingPricePerSqft_1Bedroom_lag1,MedianListingPricePerSqft_1Bedroom_lag3,MedianListingPricePerSqft_1Bedroom_lag6,MedianListingPricePerSqft_1Bedroom_lag12,MedianListingPricePerSqft_2Bedroom_lag1,MedianListingPricePerSqft_2Bedroom_lag3,MedianListingPricePerSqft_2Bedroom_lag6,MedianListingPricePerSqft_2Bedroom_lag12,MedianListingPricePerSqft_3Bedroom_lag1,MedianListingPricePerSqft_3Bedroom_lag3,MedianListingPricePerSqft_3Bedroom_lag6,MedianListingPricePerSqft_3Bedroom_lag12,MedianListingPricePerSqft_4Bedroom_lag1,MedianListingPricePerSqft_4Bedroom_lag3,MedianListingPricePerSqft_4Bedroom_lag6,MedianListingPricePerSqft_4Bedroom_lag12,MedianListingPricePerSqft_5BedroomOrMore_lag1,MedianListingPricePerSqft_5BedroomOrMore_lag3,MedianListingPricePerSqft_5BedroomOrMore_lag6,MedianListingPricePerSqft_5BedroomOrMore_lag12,MedianListingPricePerSqft_AllHomes_lag1,MedianListingPricePerSqft_AllHomes_lag3,MedianListingPricePerSqft_AllHomes_lag6,MedianListingPricePerSqft_AllHomes_lag12
2016-10-31,abbevilleabbevillesc,63.0,64.0,0.0,0.0,0.0,0.0,0.0,83.6122733612273,67.0,54.0,60.0,64.0,62.0,54.0,61.0,62.0,0.0,0.0,0.0,0.0,0.0,0.0,0.0,0.0,0.0,0.0,0.0,0.0,0.0,0.0,0.0,0.0,0.0,0.0,0.0,0.0,81.7272727272727,0.0,0.0,0.0
2016-11-30,abbevilleabbevillesc,64.0,63.0,0.0,0.0,0.0,0.0,0.0,87.6696889737256,64.0,62.0,60.0,60.0,63.0,58.0,59.0,60.0,0.0,0.0,0.0,0.0,0.0,0.0,0.0,0.0,0.0,0.0,0.0,0.0,0.0,0.0,0.0,0.0,0.0,0.0,0.0,0.0,83.6122733612273,0.0,0.0,0.0
2016-12-31,abbevilleabbevillesc,67.0,68.0,0.0,0.0,0.0,0.0,0.0,89.533932951758,63.0,67.0,58.0,57.0,64.0,62.0,56.0,57.0,0.0,0.0,0.0,0.0,0.0,0.0,0.0,0.0,0.0,0.0,0.0,0.0,0.0,0.0,0.0,0.0,0.0,0.0,0.0,0.0,87.6696889737256,81.7272727272727,0.0,0.0
2017-01-31,abbevilleabbevillesc,67.0,62.0,0.0,0.0,0.0,0.0,0.0,89.0548763119446,68.0,64.0,54.0,48.0,67.0,63.0,54.0,55.0,0.0,0.0,0.0,0.0,0.0,0.0,0.0,0.0,0.0,0.0,0.0,0.0,0.0,0.0,0.0,0.0,0.0,0.0,0.0,0.0,89.533932951758,83.6122733612273,0.0,0.0
2017-02-28,abbevilleabbevillesc,61.0,62.0,0.0,0.0,0.0,0.0,0.0,88.5758196721311,62.0,63.0,62.0,54.0,67.0,64.0,58.0,56.0,0.0,0.0,0.0,0.0,0.0,0.0,0.0,0.0,0.0,0.0,0.0,0.0,0.0,0.0,0.0,0.0,0.0,0.0,0.0,0.0,89.0548763119446,87.6696889737256,0.0,0.0
2017-03-31,abbevilleabbevillesc,53.0,46.0,0.0,0.0,0.0,0.0,0.0,88.2167732865971,62.0,68.0,67.0,57.0,61.0,67.0,62.0,59.0,0.0,0.0,0.0,0.0,0.0,0.0,0.0,0.0,0.0,0.0,0.0,0.0,0.0,0.0,0.0,0.0,0.0,0.0,0.0,0.0,88.5758196721311,89.533932951758,81.7272727272727,0.0
2017-04-30,abbevilleabbevillesc,50.0,48.0,0.0,0.0,0.0,0.0,0.0,81.5004659832246,46.0,62.0,64.0,60.0,53.0,67.0,63.0,61.0,0.0,0.0,0.0,0.0,0.0,0.0,0.0,0.0,0.0,0.0,0.0,0.0,0.0,0.0,0.0,0.0,0.0,0.0,0.0,0.0,88.2167732865971,89.0548763119446,83.6122733612273,0.0
2017-05-31,abbevilleabbevillesc,50.0,50.0,0.0,0.0,0.0,0.0,0.0,69.7674418604651,48.0,62.0,63.0,60.0,50.0,61.0,64.0,59.0,0.0,0.0,0.0,0.0,0.0,0.0,0.0,0.0,0.0,0.0,0.0,0.0,0.0,0.0,0.0,0.0,0.0,0.0,0.0,0.0,81.5004659832246,88.5758196721311,87.6696889737256,0.0
2017-06-30,abbevilleabbevillesc,51.0,54.0,0.0,0.0,0.0,0.0,0.0,79.3629670784843,50.0,46.0,68.0,58.0,50.0,53.0,67.0,56.0,0.0,0.0,0.0,0.0,0.0,0.0,0.0,0.0,0.0,0.0,0.0,0.0,0.0,0.0,0.0,0.0,0.0,0.0,0.0,0.0,69.7674418604651,88.2167732865971,89.533932951758,0.0
2017-07-31,abbevilleabbevillesc,49.0,52.0,0.0,0.0,0.0,0.0,0.0,81.9804655178186,54.0,48.0,62.0,54.0,51.0,50.0,67.0,54.0,0.0,0.0,0.0,0.0,0.0,0.0,0.0,0.0,0.0,0.0,0.0,0.0,0.0,0.0,0.0,0.0,0.0,0.0,0.0,0.0,79.3629670784843,81.5004659832246,89.0548763119446,0.0
2014-01-31,abbevilleabbevillesc,59.75,60.89,95.084,91.178,88.82,86.839,84.695,89.323,60.89,60.89,60.89,60.89,59.75,59.75,59.75,59.75,95.084,95.084,95.084,95.084,91.178,91.178,91.178,91.178,88.82,88.82,88.82,88.82,86.839,86.839,86.839,86.839,84.695,84.695,84.695,84.695,89.323,89.323,89.323,89.323
2014-02-28,abbevilleabbevillesc,59.23,61.36,95.82,92.694,88.001,86.11,85.214,89.568,60.89,60.89,60.89,60.89,59.75,59.75,59.75,59.75,95.084,95.084,95.084,95.084,91.178,91.178,91.178,91.178,88.82,88.82,88.82,88.82,86.839,86.839,86.839,86.839,84.695,84.695,84.695,84.695,89.323,89.323,89.323,89.323
2014-03-31,abbevilleabbevillesc,64.89,66.47,97.723,92.852,89.097,90.188,86.33,91.238,61.36,60.89,60.89,60.89,59.23,59.75,59.75,59.75,95.82,95.084,95.084,95.084,92.694,91.178,91.178,91.178,88.001,88.82,88.82,88.82,86.11,86.839,86.839,86.839,85.214,84.695,84.695,84.695,89.568,89.323,89.323,89.323
2014-04-30,abbevilleabbevillesc,64.79,66.41,96.925,92.902,90.251,88.747,85.734,90.912,66.47,60.89,60.89,60.89,64.89,59.75,59.75,59.75,97.723,95.084,95.084,95.084,92.852,91.178,91.178,91.178,89.097,88.82,88.82,88.82,90.188,86.839,86.839,86.839,86.33,84.695,84.695,84.695,91.238,89.323,89.323,89.323
2014-05-31,abbevilleabbevillesc,66.45,65.97,98.046,94.448,91.593,90.093,87.004,92.237,66.41,61.36,60.89,60.89,64.79,59.23,59.75,59.75,96.925,95.82,95.084,95.084,92.902,92.694,91.178,91.178,90.251,88.001,88.82,88.82,88.747,86.11,86.839,86.839,85.734,85.214,84.695,84.695,90.912,89.568,89.323,89.323
2014-06-30,abbevilleabbevillesc,70.7,73.99,99.276,94.992,92.297,89.171,86.908,92.529,65.97,66.47,60.89,60.89,66.45,64.89,59.75,59.75,98.046,97.723,95.084,95.084,94.448,92.852,91.178,91.178,91.593,89.097,88.82,88.82,90.093,90.188,86.839,86.839,87.004,86.33,84.695,84.695,92.237,91.238,89.323,89.323
2014-07-31,abbevilleabbevillesc,67.64,67.6,97.656,94.648,91.095,87.751,88.375,91.905,73.99,66.41,60.89,60.89,70.7,64.79,59.75,59.75,99.276,96.925,95.084,95.084,94.992,92.902,91.178,91.178,92.297,90.251,88.82,88.82,89.171,88.747,86.839,86.839,86.908,85.734,84.695,84.695,92.529,90.912,89.323,89.323
2014-08-31,abbevilleabbevillesc,70.07,69.85,100.3,97.184,93.599,90.496,89.277,94.171,67.6,65.97,61.36,60.89,67.64,66.45,59.23,59.75,97.656,98.046,95.82,95.084,94.648,94.448,92.694,91.178,91.095,91.593,88.001,88.82,87.751,90.093,86.11,86.839,88.375,87.004,85.214,84.695,91.905,92.237,89.568,89.323
2014-09-30,abbevilleabbevillesc,67.99,69.67,99.387,94.515,91.298,89.116,89.083,92.68,69.85,73.99,66.47,60.89,70.07,70.7,64.89,59.75,100.3,99.276,97.723,95.084,97.184,94.992,92.852,91.178,93.599,92.297,89.097,88.82,90.496,89.171,90.188,86.839,89.277,86.908,86.33,84.695,94.171,92.529,91.238,89.323
2014-10-31,abbevilleabbevillesc,68.43,70.61,101.457,97.359,95.751,92.156,91.331,95.611,69.67,67.6,66.41,60.89,67.99,67.64,64.79,59.75,99.387,97.656,96.925,95.084,94.515,94.648,92.902,91.178,91.298,91.095,90.251,88.82,89.116,87.751,88.747,86.839,89.083,88.375,85.734,84.695,92.68,91.905,90.912,89.323
2014-11-30,abbevilleabbevillesc,71.04,71.98,100.166,96.363,93.275,91.703,88.166,93.935,70.61,69.85,65.97,60.89,68.43,70.07,66.45,59.75,101.457,100.3,98.046,95.084,97.359,97.184,94.448,91.178,95.751,93.599,91.593,88.82,92.156,90.496,90.093,86.839,91.331,89.277,87.004,84.695,95.611,94.171,92.237,89.323
2014-12-31,abbevilleabbevillesc,67.16,70.03,99.525,95.134,92.76,91.78,88.984,93.637,71.98,69.67,73.99,60.89,71.04,67.99,70.7,59.75,100.166,99.387,99.276,95.084,96.363,94.515,94.992,91.178,93.275,91.298,92.297,88.82,91.703,89.116,89.171,86.839,88.166,89.083,86.908,84.695,93.935,92.68,92.529,89.323
2015-01-31,abbevilleabbevillesc,67.04,68.81,101.043,96.469,94.344,91.991,89.388,94.647,70.03,70.61,67.6,60.89,67.16,68.43,67.64,59.75,99.525,101.457,97.656,95.084,95.134,97.359,94.648,91.178,92.76,95.751,91.095,88.82,91.78,92.156,87.751,86.839,88.984,91.331,88.375,84.695,93.637,95.611,91.905,89.323
2015-02-28,abbevilleabbevillesc,65.33,65.46,98.253,93.95,89.957,89.129,87.365,91.731,68.81,71.98,69.85,61.36,67.04,71.04,70.07,59.23,101.043,100.166,100.3,95.82,96.469,96.363,97.184,92.694,94.344,93.275,93.599,88.001,91.991,91.703,90.496,86.11,89.388,88.166,89.277,85.214,94.647,93.935,94.171,89.568
2015-03-31,abbevilleabbevillesc,62.76,64.12,101.481,97.048,94.212,93.828,90.104,95.335,65.46,70.03,69.67,66.47,65.33,67.16,67.99,64.89,98.253,99.525,99.387,97.723,93.95,95.134,94.515,92.852,89.957,92.76,91.298,89.097,89.129,91.78,89.116,90.188,87.365,88.984,89.083,86.33,91.731,93.637,92.68,91.238
2015-04-30,abbevilleabbevillesc,60.48,60.83,101.082,97.201,93.935,91.072,90.376,94.733,64.12,68.81,70.61,66.41,62.76,67.04,68.43,64.79,101.481,101.043,101.457,96.925,97.048,96.469,97.359,92.902,94.212,94.344,95.751,90.251,93.828,91.991,92.156,88.747,90.104,89.388,91.331,85.734,95.335,94.647,95.611,90.912
2015-05-31,abbevilleabbevillesc,62.06,61.59,101.092,96.861,94.497,90.87,89.904,94.645,60.83,65.46,71.98,65.97,60.48,65.33,71.04,66.45,101.082,98.253,100.166,98.046,97.201,93.95,96.363,94.448,93.935,89.957,93.275,91.593,91.072,89.129,91.703,90.093,90.376,87.365,88.166,87.004,94.733,91.731,93.935,92.237
2015-06-30,abbevilleabbevillesc,59.47,60.25,99.815,96.525,91.734,91.226,89.366,93.733,61.59,64.12,70.03,73.99,62.06,62.76,67.16,70.7,101.092,101.481,99.525,99.276,96.861,97.048,95.134,94.992,94.497,94.212,92.76,92.297,90.87,93.828,91.78,89.171,89.904,90.104,88.984,86.908,94.645,95.335,93.637,92.529
2015-07-31,abbevilleabbevillesc,58.11,57.47,100.354,95.9,94.629,90.706,90.988,94.515,60.25,60.83,68.81,67.6,59.47,60.48,67.04,67.64,99.815,101.082,101.043,97.656,96.525,97.201,96.469,94.648,91.734,93.935,94.344,91.095,91.226,91.072,91.991,87.751,89.366,90.376,89.388,88.375,93.733,94.733,94.647,91.905
2015-08-31,abbevilleabbevillesc,52.76,53.46,97.067,93.579,90.175,89.207,86.465,91.299,57.47,61.59,65.46,69.85,58.11,62.06,65.33,70.07,100.354,101.092,98.253,100.3,95.9,96.861,93.95,97.184,94.629,94.497,89.957,93.599,90.706,90.87,89.129,90.496,90.988,89.904,87.365,89.277,94.515,94.645,91.731,94.171
2015-09-30,abbevilleabbevillesc,52.95,54.77,97.699,92.867,91.926,89.052,86.422,91.593,53.46,60.25,64.12,69.67,52.76,59.47,62.76,67.99,97.067,99.815,101.481,99.387,93.579,96.525,97.048,94.515,90.175,91.734,94.212,91.298,89.207,91.226,93.828,89.116,86.465,89.366,90.104,89.083,91.299,93.733,95.335,92.68
2015-10-31,abbevilleabbevillesc,51.81,52.39,97.443,93.293,90.061,88.775,87.014,91.317,54.77,57.47,60.83,70.61,52.95,58.11,60.48,68.43,97.699,100.354,101.082,101.457,92.867,95.9,97.201,97.359,91.926,94.629,93.935,95.751,89.052,90.706,91.072,92.156,86.422,90.988,90.376,91.331,91.593,94.515,94.733,95.611
2015-11-30,abbevilleabbevillesc,47.17,48.65,96.724,91.998,89.16,87.226,86.785,90.379,52.39,53.46,61.59,71.98,51.81,52.76,62.06,71.04,97.443,97.067,101.092,100.166,93.293,93.579,96.861,96.363,90.061,90.175,94.497,93.275,88.775,89.207,90.87,91.703,87.014,86.465,89.904,88.166,91.317,91.299,94.645,93.935
2015-12-31,abbevilleabbevillesc,50.35,52.31,96.293,93.126,88.73,88.173,84.803,90.225,48.65,54.77,60.25,70.03,47.17,52.95,59.47,67.16,96.724,97.699,99.815,99.525,91.998,92.867,96.525,95.134,89.16,91.926,91.734,92.76,87.226,89.052,91.226,91.78,86.785,86.422,89.366,88.984,90.379,91.593,93.733,93.637
2016-01-31,abbevilleabbevillesc,47.86,46.98,94.8,90.172,87.938,86.407,84.639,88.791,52.31,52.39,57.47,68.81,50.35,51.81,58.11,67.04,96.293,97.443,100.354,101.043,93.126,93.293,95.9,96.469,88.73,90.061,94.629,94.344,88.173,88.775,90.706,91.991,84.803,87.014,90.988,89.388,90.225,91.317,94.515,94.647
2016-02-29,abbevilleabbevillesc,51.06,52.24,95.797,92.204,89.006,85.704,83.285,89.199,46.98,48.65,53.46,65.46,47.86,47.17,52.76,65.33,94.8,96.724,97.067,98.253,90.172,91.998,93.579,93.95,87.938,89.16,90.175,89.957,86.407,87.226,89.207,89.129,84.639,86.785,86.465,87.365,88.791,90.379,91.299,91.731
2016-03-31,abbevilleabbevillesc,52.89,52.54,93.134,88.362,85.482,85.01,81.985,86.794,52.24,52.31,54.77,64.12,51.06,50.35,52.95,62.76,95.797,96.293,97.699,101.481,92.204,93.126,92.867,97.048,89.006,88.73,91.926,94.212,85.704,88.173,89.052,93.828,83.285,84.803,86.422,90.104,89.199,90.225,91.593,95.335
2016-04-30,abbevilleabbevillesc,52.98,53.87,93.789,90.351,86.316,85.183,83.973,87.922,52.54,46.98,52.39,60.83,52.89,47.86,51.81,60.48,93.134,94.8,97.443,101.082,88.362,90.172,93.293,97.201,85.482,87.938,90.061,93.935,85.01,86.407,88.775,91.072,81.985,84.639,87.014,90.376,86.794,88.791,91.317,94.733
2016-05-31,abbevilleabbevillesc,55.03,56.04,91.441,87.429,84.044,82.095,79.738,84.949,53.87,52.24,48.65,61.59,52.98,51.06,47.17,62.06,93.789,95.797,96.724,101.092,90.351,92.204,91.998,96.861,86.316,89.006,89.16,94.497,85.183,85.704,87.226,90.87,83.973,83.285,86.785,89.904,87.922,89.199,90.379,94.645
2016-06-30,abbevilleabbevillesc,55.97,55.92,91.002,88.495,84.023,81.05,80.754,85.065,56.04,52.54,52.31,60.25,55.03,52.89,50.35,59.47,91.441,93.134,96.293,99.815,87.429,88.362,93.126,96.525,84.044,85.482,88.73,91.734,82.095,85.01,88.173,91.226,79.738,81.985,84.803,89.366,84.949,86.794,90.225,93.733
2016-07-31,abbevilleabbevillesc,55.56,56.83,88.112,83.559,81.209,78.435,77.108,81.685,55.92,53.87,46.98,57.47,55.97,52.98,47.86,58.11,91.002,93.789,94.8,100.354,88.495,90.351,90.172,95.9,84.023,86.316,87.938,94.629,81.05,85.183,86.407,90.706,80.754,83.973,84.639,90.988,85.065,87.922,88.791,94.515
2016-08-31,abbevilleabbevillesc,56.83,58.48,88.352,84.786,82.241,78.642,78.261,82.456,56.83,56.04,52.24,53.46,55.56,55.03,51.06,52.76,88.112,91.441,95.797,97.067,83.559,87.429,92.204,93.579,81.209,84.044,89.006,90.175,78.435,82.095,85.704,89.207,77.108,79.738,83.285,86.465,81.685,84.949,89.199,91.299
2016-09-30,abbevilleabbevillesc,62.46,62.55,89.963,86.746,82.064,80.829,80.863,84.093,58.48,55.92,52.54,54.77,56.83,55.97,52.89,52.95,88.352,91.002,93.134,97.699,84.786,88.495,88.362,92.867,82.241,84.023,85.482,91.926,78.642,81.05,85.01,89.052,78.261,80.754,81.985,86.422,82.456,85.065,86.794,91.593
2016-10-31,abbevilleabbevillesc,63.3,63.51,88.432,84.63,81.685,79.946,77.515,82.442,62.55,56.83,53.87,52.39,62.46,55.56,52.98,51.81,89.963,88.112,93.789,97.443,86.746,83.559,90.351,93.293,82.064,81.209,86.316,90.061,80.829,78.435,85.183,88.775,80.863,77.108,83.973,87.014,84.093,81.685,87.922,91.317
2016-11-30,abbevilleabbevillesc,68.32,69.52,88.441,84.765,80.238,80.42,76.551,82.083,63.51,58.48,56.04,48.65,63.3,56.83,55.03,47.17,88.432,88.352,91.441,96.724,84.63,84.786,87.429,91.998,81.685,82.241,84.044,89.16,79.946,78.642,82.095,87.226,77.515,78.261,79.738,86.785,82.442,82.456,84.949,90.379
2016-12-31,abbevilleabbevillesc,66.0,66.34,89.75,85.724,83.923,80.081,79.481,83.792,69.52,62.55,55.92,52.31,68.32,62.46,55.97,50.35,88.441,89.963,91.002,96.293,84.765,86.746,88.495,93.126,80.238,82.064,84.023,88.73,80.42,80.829,81.05,88.173,76.551,80.863,80.754,84.803,82.083,84.093,85.065,90.225
2017-01-31,abbevilleabbevillesc,63.77,63.41,90.832,86.766,84.719,81.019,79.882,84.644,66.34,63.51,56.83,46.98,66.0,63.3,55.56,47.86,89.75,88.432,88.112,94.8,85.724,84.63,83.559,90.172,83.923,81.685,81.209,87.938,80.081,79.946,78.435,86.407,79.481,77.515,77.108,84.639,83.792,82.442,81.685,88.791
2017-02-28,abbevilleabbevillesc,68.95,69.08,88.582,85.26,80.697,80.149,78.401,82.618,63.41,69.52,58.48,52.24,63.77,68.32,56.83,51.06,90.832,88.441,88.352,95.797,86.766,84.765,84.786,92.204,84.719,80.238,82.241,89.006,81.019,80.42,78.642,85.704,79.882,76.551,78.261,83.285,84.644,82.083,82.456,89.199
2017-03-31,abbevilleabbevillesc,69.55,71.52,88.985,84.687,81.272,79.914,79.962,82.964,69.08,66.34,62.55,52.54,68.95,66.0,62.46,52.89,88.582,89.75,89.963,93.134,85.26,85.724,86.746,88.362,80.697,83.923,82.064,85.482,80.149,80.081,80.829,85.01,78.401,79.481,80.863,81.985,82.618,83.792,84.093,86.794
2017-04-30,abbevilleabbevillesc,70.23,70.65,88.923,85.229,83.122,80.743,79.815,83.567,71.52,63.41,63.51,53.87,69.55,63.77,63.3,52.98,88.985,90.832,88.432,93.789,84.687,86.766,84.63,90.351,81.272,84.719,81.685,86.316,79.914,81.019,79.946,85.183,79.962,79.882,77.515,83.973,82.964,84.644,82.442,87.922
2017-05-31,abbevilleabbevillesc,73.32,72.9,90.442,85.871,81.757,82.0,79.022,83.818,70.65,69.08,69.52,56.04,70.23,68.95,68.32,55.03,88.923,88.582,88.441,91.441,85.229,85.26,84.765,87.429,83.122,80.697,80.238,84.044,80.743,80.149,80.42,82.095,79.815,78.401,76.551,79.738,83.567,82.618,82.083,84.949
2017-06-30,abbevilleabbevillesc,69.91,69.02,92.544,88.631,85.878,83.727,82.465,86.649,72.9,71.52,66.34,55.92,73.32,69.55,66.0,55.97,90.442,88.985,89.75,91.002,85.871,84.687,85.724,88.495,81.757,81.272,83.923,84.023,82.0,79.914,80.081,81.05,79.022,79.962,79.481,80.754,83.818,82.964,83.792,85.065
2017-07-31,abbevilleabbevillesc,70.78,71.44,90.566,86.177,83.079,81.163,79.225,84.042,69.02,70.65,63.41,56.83,69.91,70.23,63.77,55.56,92.544,88.923,90.832,88.112,88.631,85.229,86.766,83.559,85.878,83.122,84.719,81.209,83.727,80.743,81.019,78.435,82.465,79.815,79.882,77.108,86.649,83.567,84.644,81.685
2017-08-31,abbevilleabbevillesc,70.22,72.2,92.752,87.766,86.71,84.705,80.123,86.411,71.44,72.9,69.08,58.48,70.78,73.32,68.95,56.83,90.566,90.442,88.582,88.352,86.177,85.871,85.26,84.786,83.079,81.757,80.697,82.241,81.163,82.0,80.149,78.642,79.225,79.022,78.401,78.261,84.042,83.818,82.618,82.456
2017-09-30,abbevilleabbevillesc,64.63,65.54,93.357,89.146,86.375,83.82,82.72,87.083,72.2,69.02,71.52,62.55,70.22,69.91,69.55,62.46,92.752,92.544,88.985,89.963,87.766,88.631,84.687,86.746,86.71,85.878,81.272,82.064,84.705,83.727,79.914,80.829,80.123,82.465,79.962,80.863,86.411,86.649,82.964,84.093
2017-10-31,abbevilleabbevillesc,65.64,66.11,92.387,88.536,84.82,82.567,80.486,85.759,65.54,71.44,70.65,63.51,64.63,70.78,70.23,63.3,93.357,90.566,88.923,88.432,89.146,86.177,85.229,84.63,86.375,83.079,83.122,81.685,83.82,81.163,80.743,79.946,82.72,79.225,79.815,77.515,87.083,84.042,83.567,82.442
2017-11-30,abbevilleabbevillesc,62.82,63.02,92.828,89.525,85.398,83.585,81.212,86.51,66.11,72.2,72.9,69.52,65.64,70.22,73.32,68.32,92.387,92.752,90.442,88.441,88.536,87.766,85.871,84.765,84.82,86.71,81.757,80.238,82.567,84.705,82.0,80.42,80.486,80.123,79.022,76.551,85.759,86.411,83.818,82.083
2017-12-31,abbevilleabbevillesc,60.25,62.54,94.437,89.465,87.944,85.353,81.114,87.662,63.02,65.54,69.02,66.34,62.82,64.63,69.91,66.0,92.828,93.357,92.544,89.75,89.525,89.146,88.631,85.724,85.398,86.375,85.878,83.923,83.585,83.82,83.727,80.081,81.212,82.72,82.465,79.481,86.51,87.083,86.649,83.792
2014-01-31,abbevillehenryal,110.85,112.13,105.994,101.784,100.593,96.643,95.546,100.112,112.13,112.13,112.13,112.13,110.85,110.85,110.85,110.85,105.994,105.994,105.994,105.994,101.784,101.784,101.784,101.784,100.593,100.593,100.593,100.593,96.643,96.643,96.643,96.643,95.546,95.546,95.546,95.546,100.112,100.112,100.112,100.112
2014-02-28,abbevillehenryal,113.12,114.02,109.348,104.898,102.99,101.674,98.858,103.554,112.13,112.13,112.13,112.13,110.85,110.85,110.85,110.85,105.994,105.994,105.994,105.994,101.784,101.784,101.784,101.784,100.593,100.593,100.593,100.593,96.643,96.643,96.643,96.643,95.546,95.546,95.546,95.546,100.112,100.112,100.112,100.112
2014-03-31,abbevillehenryal,115.88,116.67,107.733,103.307,101.344,97.741,97.31,101.487,114.02,112.13,112.13,112.13,113.12,110.85,110.85,110.85,109.348,105.994,105.994,105.994,104.898,101.784,101.784,101.784,102.99,100.593,100.593,100.593,101.674,96.643,96.643,96.643,98.858,95.546,95.546,95.546,103.554,100.112,100.112,100.112
2014-04-30,abbevillehenryal,117.44,119.04,109.179,105.266,101.493,100.626,98.038,102.92,116.67,112.13,112.13,112.13,115.88,110.85,110.85,110.85,107.733,105.994,105.994,105.994,103.307,101.784,101.784,101.784,101.344,100.593,100.593,100.593,97.741,96.643,96.643,96.643,97.31,95.546,95.546,95.546,101.487,100.112,100.112,100.112
2014-05-31,abbevillehenryal,115.51,114.98,111.269,107.13,104.182,102.683,100.144,105.081,119.04,114.02,112.13,112.13,117.44,113.12,110.85,110.85,109.179,109.348,105.994,105.994,105.266,104.898,101.784,101.784,101.493,102.99,100.593,100.593,100.626,101.674,96.643,96.643,98.038,98.858,95.546,95.546,102.92,103.554,100.112,100.112
2014-06-30,abbevillehenryal,116.76,117.58,112.138,108.003,104.424,102.872,99.687,105.425,114.98,116.67,112.13,112.13,115.51,115.88,110.85,110.85,111.269,107.733,105.994,105.994,107.13,103.307,101.784,101.784,104.182,101.344,100.593,100.593,102.683,97.741,96.643,96.643,100.144,97.31,95.546,95.546,105.081,101.487,100.112,100.112
2014-07-31,abbevillehenryal,118.78,120.08,110.4,107.232,102.607,101.409,98.649,104.059,117.58,119.04,112.13,112.13,116.76,117.44,110.85,110.85,112.138,109.179,105.994,105.994,108.003,105.266,101.784,101.784,104.424,101.493,100.593,100.593,102.872,100.626,96.643,96.643,99.687,98.038,95.546,95.546,105.425,102.92,100.112,100.112
2014-08-31,abbevillehenryal,115.43,116.86,112.53,109.067,105.48,102.542,100.442,106.012,120.08,114.98,114.02,112.13,118.78,115.51,113.12,110.85,110.4,111.269,109.348,105.994,107.232,107.13,104.898,101.784,102.607,104.182,102.99,100.593,101.409,102.683,101.674,96.643,98.649,100.144,98.858,95.546,104.059,105.081,103.554,100.112
2014-09-30,abbevillehenryal,118.47,119.7,114.576,110.227,107.786,105.276,103.541,108.281,116.86,117.58,116.67,112.13,115.43,116.76,115.88,110.85,112.53,112.138,107.733,105.994,109.067,108.003,103.307,101.784,105.48,104.424,101.344,100.593,102.542,102.872,97.741,96.643,100.442,99.687,97.31,95.546,106.012,105.425,101.487,100.112
2014-10-31,abbevillehenryal,119.44,119.66,115.1,111.083,109.718,106.078,103.815,109.159,119.7,120.08,119.04,112.13,118.47,118.78,117.44,110.85,114.576,110.4,109.179,105.994,110.227,107.232,105.266,101.784,107.786,102.607,101.493,100.593,105.276,101.409,100.626,96.643,103.541,98.649,98.038,95.546,108.281,104.059,102.92,100.112
2014-11-30,abbevillehenryal,120.78,121.99,112.039,108.151,105.596,102.874,100.615,105.855,119.66,116.86,114.98,112.13,119.44,115.43,115.51,110.85,115.1,112.53,111.269,105.994,111.083,109.067,107.13,101.784,109.718,105.48,104.182,100.593,106.078,102.542,102.683,96.643,103.815,100.442,100.144,95.546,109.159,106.012,105.081,100.112
2014-12-31,abbevillehenryal,119.72,121.67,113.387,109.775,106.077,103.759,103.933,107.386,121.99,119.7,117.58,112.13,120.78,118.47,116.76,110.85,112.039,114.576,112.138,105.994,108.151,110.227,108.003,101.784,105.596,107.786,104.424,100.593,102.874,105.276,102.872,96.643,100.615,103.541,99.687,95.546,105.855,108.281,105.425,100.112
2015-01-31,abbevillehenryal,116.94,118.07,113.986,109.424,107.143,105.81,103.71,108.015,121.67,119.66,120.08,112.13,119.72,119.44,118.78,110.85,113.387,115.1,110.4,105.994,109.775,111.083,107.232,101.784,106.077,109.718,102.607,100.593,103.759,106.078,101.409,96.643,103.933,103.815,98.649,95.546,107.386,109.159,104.059,100.112
2015-02-28,abbevillehenryal,113.19,116.34,114.07,110.235,106.228,107.225,101.001,107.752,118.07,121.99,116.86,114.02,116.94,120.78,115.43,113.12,113.986,112.039,112.53,109.348,109.424,108.151,109.067,104.898,107.143,105.596,105.48,102.99,105.81,102.874,102.542,101.674,103.71,100.615,100.442,98.858,108.015,105.855,106.012,103.554
2015-03-31,abbevillehenryal,111.24,112.66,113.689,110.018,106.546,104.006,102.912,107.434,116.34,121.67,119.7,116.67,113.19,119.72,118.47,115.88,114.07,113.387,114.576,107.733,110.235,109.775,110.227,103.307,106.228,106.077,107.786,101.344,107.225,103.759,105.276,97.741,101.001,103.933,103.541,97.31,107.752,107.386,108.281,101.487
2015-04-30,abbevillehenryal,113.58,115.34,113.243,109.518,106.83,103.556,100.152,106.66,112.66,118.07,119.66,119.04,111.24,116.94,119.44,117.44,113.689,113.986,115.1,109.179,110.018,109.424,111.083,105.266,106.546,107.143,109.718,101.493,104.006,105.81,106.078,100.626,102.912,103.71,103.815,98.038,107.434,108.015,109.159,102.92
2015-05-31,abbevillehenryal,108.74,108.97,113.343,109.49,106.211,103.931,102.843,107.163,115.34,116.34,121.99,114.98,113.58,113.19,120.78,115.51,113.243,114.07,112.039,111.269,109.518,110.235,108.151,107.13,106.83,106.228,105.596,104.182,103.556,107.225,102.874,102.683,100.152,101.001,100.615,100.144,106.66,107.752,105.855,105.081
2015-06-30,abbevillehenryal,108.02,109.1,114.707,110.114,107.813,105.397,102.364,108.079,108.97,112.66,121.67,117.58,108.74,111.24,119.72,116.76,113.343,113.689,113.387,112.138,109.49,110.018,109.775,108.003,106.211,106.546,106.077,104.424,103.931,104.006,103.759,102.872,102.843,102.912,103.933,99.687,107.163,107.434,107.386,105.425
2015-07-31,abbevillehenryal,106.84,106.39,110.444,107.548,102.925,99.441,98.614,103.794,109.1,115.34,118.07,120.08,108.02,113.58,116.94,118.78,114.707,113.243,113.986,110.4,110.114,109.518,109.424,107.232,107.813,106.83,107.143,102.607,105.397,103.556,105.81,101.409,102.364,100.152,103.71,98.649,108.079,106.66,108.015,104.059
2015-08-31,abbevillehenryal,107.39,108.03,111.661,108.465,104.728,101.027,100.77,105.33,106.39,108.97,116.34,116.86,106.84,108.74,113.19,115.43,110.444,113.343,114.07,112.53,107.548,109.49,110.235,109.067,102.925,106.211,106.228,105.48,99.441,103.931,107.225,102.542,98.614,102.843,101.001,100.442,103.794,107.163,107.752,106.012
2015-09-30,abbevillehenryal,105.71,107.09,110.603,106.082,103.277,102.138,101.198,104.659,108.03,109.1,112.66,119.7,107.39,108.02,111.24,118.47,111.661,114.707,113.689,114.576,108.465,110.114,110.018,110.227,104.728,107.813,106.546,107.786,101.027,105.397,104.006,105.276,100.77,102.364,102.912,103.541,105.33,108.079,107.434,108.281
2015-10-31,abbevillehenryal,100.55,101.51,110.219,106.719,102.428,100.442,98.998,103.761,107.09,106.39,115.34,119.66,105.71,106.84,113.58,119.44,110.603,110.444,113.243,115.1,106.082,107.548,109.518,111.083,103.277,102.925,106.83,109.718,102.138,99.441,103.556,106.078,101.198,98.614,100.152,103.815,104.659,103.794,106.66,109.159
2015-11-30,abbevillehenryal,103.68,104.36,109.396,104.969,103.661,100.584,98.795,103.481,101.51,108.03,108.97,121.99,100.55,107.39,108.74,120.78,110.219,111.661,113.343,112.039,106.719,108.465,109.49,108.151,102.428,104.728,106.211,105.596,100.442,101.027,103.931,102.874,98.998,100.77,102.843,100.615,103.761,105.33,107.163,105.855
2015-12-31,abbevillehenryal,100.93,103.77,110.411,105.537,102.38,101.769,99.815,103.982,104.36,107.09,109.1,121.67,103.68,105.71,108.02,119.72,109.396,110.603,114.707,113.387,104.969,106.082,110.114,109.775,103.661,103.277,107.813,106.077,100.584,102.138,105.397,103.759,98.795,101.198,102.364,103.933,103.481,104.659,108.079,107.386
2016-01-31,abbevillehenryal,101.38,102.46,107.072,102.75,100.958,97.183,94.664,100.525,103.77,101.51,106.39,118.07,100.93,100.55,106.84,116.94,110.411,110.219,110.444,113.986,105.537,106.719,107.548,109.424,102.38,102.428,102.925,107.143,101.769,100.442,99.441,105.81,99.815,98.998,98.614,103.71,103.982,103.761,103.794,108.015
2016-02-29,abbevillehenryal,101.0,101.95,106.56,103.056,100.285,98.307,95.368,100.715,102.46,104.36,108.03,116.34,101.38,103.68,107.39,113.19,107.072,109.396,111.661,114.07,102.75,104.969,108.465,110.235,100.958,103.661,104.728,106.228,97.183,100.584,101.027,107.225,94.664,98.795,100.77,101.001,100.525,103.481,105.33,107.752
2016-03-31,abbevillehenryal,102.98,105.21,106.655,103.261,99.33,97.502,95.67,100.484,101.95,103.77,107.09,112.66,101.0,100.93,105.71,111.24,106.56,110.411,110.603,113.689,103.056,105.537,106.082,110.018,100.285,102.38,103.277,106.546,98.307,101.769,102.138,104.006,95.368,99.815,101.198,102.912,100.715,103.982,104.659,107.434
2016-04-30,abbevillehenryal,104.54,105.08,105.581,101.151,96.958,97.706,94.191,99.117,105.21,102.46,101.51,115.34,102.98,101.38,100.55,113.58,106.655,107.072,110.219,113.243,103.261,102.75,106.719,109.518,99.33,100.958,102.428,106.83,97.502,97.183,100.442,103.556,95.67,94.664,98.998,100.152,100.484,100.525,103.761,106.66
2016-05-31,abbevillehenryal,105.26,107.66,104.737,100.134,97.664,95.073,93.25,98.172,105.08,101.95,104.36,108.97,104.54,101.0,103.68,108.74,105.581,106.56,109.396,113.343,101.151,103.056,104.969,109.49,96.958,100.285,103.661,106.211,97.706,98.307,100.584,103.931,94.191,95.368,98.795,102.843,99.117,100.715,103.481,107.163
2016-06-30,abbevillehenryal,105.55,106.9,104.878,101.825,97.93,97.265,95.42,99.464,107.66,105.21,103.77,109.1,105.26,102.98,100.93,108.02,104.737,106.655,110.411,114.707,100.134,103.261,105.537,110.114,97.664,99.33,102.38,107.813,95.073,97.502,101.769,105.397,93.25,95.67,99.815,102.364,98.172,100.484,103.982,108.079
2016-07-31,abbevillehenryal,106.94,106.99,104.14,99.799,97.256,93.832,92.384,97.482,106.9,105.08,102.46,106.39,105.55,104.54,101.38,106.84,104.878,105.581,107.072,110.444,101.825,101.151,102.75,107.548,97.93,96.958,100.958,102.925,97.265,97.706,97.183,99.441,95.42,94.191,94.664,98.614,99.464,99.117,100.525,103.794
2016-08-31,abbevillehenryal,110.49,110.19,101.95,98.032,94.807,92.326,91.365,95.696,106.99,107.66,101.95,108.03,106.94,105.26,101.0,107.39,104.14,104.737,106.56,111.661,99.799,100.134,103.056,108.465,97.256,97.664,100.285,104.728,93.832,95.073,98.307,101.027,92.384,93.25,95.368,100.77,97.482,98.172,100.715,105.33
2016-09-30,abbevillehenryal,110.83,110.55,102.49,98.66,94.831,93.652,92.238,96.374,110.19,106.9,105.21,107.09,110.49,105.55,102.98,105.71,101.95,104.878,106.655,110.603,98.032,101.825,103.261,106.082,94.807,97.93,99.33,103.277,92.326,97.265,97.502,102.138,91.365,95.42,95.67,101.198,95.696,99.464,100.484,104.659
2016-10-31,abbevillehenryal,112.23,112.93,102.954,98.991,95.893,93.774,92.09,96.741,110.55,106.99,105.08,101.51,110.83,106.94,104.54,100.55,102.49,104.14,105.581,110.219,98.66,99.799,101.151,106.719,94.831,97.256,96.958,102.428,93.652,93.832,97.706,100.442,92.238,92.384,94.191,98.998,96.374,97.482,99.117,103.761
2016-11-30,abbevillehenryal,117.77,119.0,101.025,97.351,92.56,91.524,91.191,94.73,112.93,110.19,107.66,104.36,112.23,110.49,105.26,103.68,102.954,101.95,104.737,109.396,98.991,98.032,100.134,104.969,95.893,94.807,97.664,103.661,93.774,92.326,95.073,100.584,92.09,91.365,93.25,98.795,96.741,95.696,98.172,103.481
2016-12-31,abbevillehenryal,119.63,121.01,102.182,98.854,95.558,91.738,92.966,96.26,119.0,110.55,106.9,103.77,117.77,110.83,105.55,100.93,101.025,102.49,104.878,110.411,97.351,98.66,101.825,105.537,92.56,94.831,97.93,102.38,91.524,93.652,97.265,101.769,91.191,92.238,95.42,99.815,94.73,96.374,99.464,103.982
2017-01-31,abbevillehenryal,117.9,118.15,101.91,98.502,93.877,93.6,90.011,95.58,121.01,112.93,106.99,102.46,119.63,112.23,106.94,101.38,102.182,102.954,104.14,107.072,98.854,98.991,99.799,102.75,95.558,95.893,97.256,100.958,91.738,93.774,93.832,97.183,92.966,92.09,92.384,94.664,96.26,96.741,97.482,100.525
2017-02-28,abbevillehenryal,117.54,117.99,100.768,97.626,94.182,92.672,87.215,94.493,118.15,119.0,110.19,101.95,117.9,117.77,110.49,101.0,101.91,101.025,101.95,106.56,98.502,97.351,98.032,103.056,93.877,92.56,94.807,100.285,93.6,91.524,92.326,98.307,90.011,91.191,91.365,95.368,95.58,94.73,95.696,100.715
2017-03-31,abbevillehenryal,117.54,118.84,101.95,97.734,94.524,91.967,91.428,95.52,117.99,121.01,110.55,105.21,117.54,119.63,110.83,102.98,100.768,102.182,102.49,106.655,97.626,98.854,98.66,103.261,94.182,95.558,94.831,99.33,92.672,91.738,93.652,97.502,87.215,92.966,92.238,95.67,94.493,96.26,96.374,100.484
2017-04-30,abbevillehenryal,116.99,117.91,102.583,98.382,95.608,94.356,92.071,96.6,118.84,118.15,112.93,105.08,117.54,117.9,112.23,104.54,101.95,101.91,102.954,105.581,97.734,98.502,98.991,101.151,94.524,93.877,95.893,96.958,91.967,93.6,93.774,97.706,91.428,90.011,92.09,94.191,95.52,95.58,96.741,99.117
2017-05-31,abbevillehenryal,119.73,120.14,103.716,99.976,96.442,93.985,94.53,97.73,117.91,117.99,119.0,107.66,116.99,117.54,117.77,105.26,102.583,100.768,101.025,104.737,98.382,97.626,97.351,100.134,95.608,94.182,92.56,97.664,94.356,92.672,91.524,95.073,92.071,87.215,91.191,93.25,96.6,94.493,94.73,98.172
2017-06-30,abbevillehenryal,118.72,120.71,104.056,100.201,96.615,95.072,92.013,97.591,120.14,118.84,121.01,106.9,119.73,117.54,119.63,105.55,103.716,101.95,102.182,104.878,99.976,97.734,98.854,101.825,96.442,94.524,95.558,97.93,93.985,91.967,91.738,97.265,94.53,91.428,92.966,95.42,97.73,95.52,96.26,99.464
2017-07-31,abbevillehenryal,116.5,116.52,102.704,98.378,95.223,93.453,91.771,96.306,120.71,117.91,118.15,106.99,118.72,116.99,117.9,106.94,104.056,102.583,101.91,104.14,100.201,98.382,98.502,99.799,96.615,95.608,93.877,97.256,95.072,94.356,93.6,93.832,92.013,92.071,90.011,92.384,97.591,96.6,95.58,97.482
2017-08-31,abbevillehenryal,113.88,115.03,103.86,100.303,97.136,94.158,91.297,97.351,116.52,120.14,117.99,110.19,116.5,119.73,117.54,110.49,102.704,103.716,100.768,101.95,98.378,99.976,97.626,98.032,95.223,96.442,94.182,94.807,93.453,93.985,92.672,92.326,91.771,94.53,87.215,91.365,96.306,97.73,94.493,95.696
2017-09-30,abbevillehenryal,110.93,112.67,105.04,101.004,98.409,96.855,93.783,99.018,115.03,120.71,118.84,110.55,113.88,118.72,117.54,110.83,103.86,104.056,101.95,102.49,100.303,100.201,97.734,98.66,97.136,96.615,94.524,94.831,94.158,95.072,91.967,93.652,91.297,92.013,91.428,92.238,97.351,97.591,95.52,96.374
2017-10-31,abbevillehenryal,111.71,113.46,106.373,103.569,98.48,99.512,95.522,100.691,112.67,116.52,117.91,112.93,110.93,116.5,116.99,112.23,105.04,102.704,102.583,102.954,101.004,98.378,98.382,98.991,98.409,95.223,95.608,95.893,96.855,93.453,94.356,93.774,93.783,91.771,92.071,92.09,99.018,96.306,96.6,96.741
2017-11-30,abbevillehenryal,110.9,112.63,107.692,103.733,102.297,97.671,96.829,101.644,113.46,115.03,120.14,119.0,111.71,113.88,119.73,117.77,106.373,103.86,103.716,101.025,103.569,100.303,99.976,97.351,98.48,97.136,96.442,92.56,99.512,94.158,93.985,91.524,95.522,91.297,94.53,91.191,100.691,97.351,97.73,94.73
2017-12-31,abbevillehenryal,107.47,109.69,108.627,104.361,102.293,100.081,96.944,102.461,112.63,112.67,120.71,121.01,110.9,110.93,118.72,119.63,107.692,105.04,104.056,102.182,103.733,101.004,100.201,98.854,102.297,98.409,96.615,95.558,97.671,96.855,95.072,91.738,96.829,93.783,92.013,92.966,101.644,99.018,97.591,96.26
2014-01-31,abbevillelafayettems,118.95,118.33,120.891,117.894,115.082,112.61,110.255,115.347,118.33,118.33,118.33,118.33,118.95,118.95,118.95,118.95,120.891,120.891,120.891,120.891,117.894,117.894,117.894,117.894,115.082,115.082,115.082,115.082,112.61,112.61,112.61,112.61,110.255,110.255,110.255,110.255,115.347,115.347,115.347,115.347
2014-02-28,abbevillelafayettems,123.37,124.1,119.109,115.979,113.7,110.817,109.005,113.722,118.33,118.33,118.33,118.33,118.95,118.95,118.95,118.95,120.891,120.891,120.891,120.891,117.894,117.894,117.894,117.894,115.082,115.082,115.082,115.082,112.61,112.61,112.61,112.61,110.255,110.255,110.255,110.255,115.347,115.347,115.347,115.347
2014-03-31,abbevillelafayettems,129.69,128.0,122.582,118.743,116.593,113.855,113.319,117.018,124.1,118.33,118.33,118.33,123.37,118.95,118.95,118.95,119.109,120.891,120.891,120.891,115.979,117.894,117.894,117.894,113.7,115.082,115.082,115.082,110.817,112.61,112.61,112.61,109.005,110.255,110.255,110.255,113.722,115.347,115.347,115.347
2014-04-30,abbevillelafayettems,125.66,127.15,122.309,119.563,115.448,113.313,113.575,116.842,128.0,118.33,118.33,118.33,129.69,118.95,118.95,118.95,122.582,120.891,120.891,120.891,118.743,117.894,117.894,117.894,116.593,115.082,115.082,115.082,113.855,112.61,112.61,112.61,113.319,110.255,110.255,110.255,117.018,115.347,115.347,115.347
2014-05-31,abbevillelafayettems,126.48,128.0,121.853,119.158,114.67,113.587,112.423,116.338,127.15,124.1,118.33,118.33,125.66,123.37,118.95,118.95,122.309,119.109,120.891,120.891,119.563,115.979,117.894,117.894,115.448,113.7,115.082,115.082,113.313,110.817,112.61,112.61,113.575,109.005,110.255,110.255,116.842,113.722,115.347,115.347
2014-06-30,abbevillelafayettems,125.42,126.15,124.951,122.289,119.089,117.776,114.615,119.744,128.0,128.0,118.33,118.33,126.48,129.69,118.95,118.95,121.853,122.582,120.891,120.891,119.158,118.743,117.894,117.894,114.67,116.593,115.082,115.082,113.587,113.855,112.61,112.61,112.423,113.319,110.255,110.255,116.338,117.018,115.347,115.347
2014-07-31,abbevillelafayettems,125.73,128.08,123.183,119.695,117.203,113.139,114.148,117.473,126.15,127.15,118.33,118.33,125.42,125.66,118.95,118.95,124.951,122.309,120.891,120.891,122.289,119.563,117.894,117.894,119.089,115.448,115.082,115.082,117.776,113.313,112.61,112.61,114.615,113.575,110.255,110.255,119.744,116.842,115.347,115.347
2014-08-31,abbevillelafayettems,130.42,133.24,125.649,122.44,118.411,117.39,116.079,119.994,128.08,128.0,124.1,118.33,125.73,126.48,123.37,118.95,123.183,121.853,119.109,120.891,119.695,119.158,115.979,117.894,117.203,114.67,113.7,115.082,113.139,113.587,110.817,112.61,114.148,112.423,109.005,110.255,117.473,116.338,113.722,115.347
2014-09-30,abbevillelafayettems,129.0,129.81,124.786,121.62,119.047,116.442,114.391,119.257,133.24,126.15,128.0,118.33,130.42,125.42,129.69,118.95,125.649,124.951,122.582,120.891,122.44,122.289,118.743,117.894,118.411,119.089,116.593,115.082,117.39,117.776,113.855,112.61,116.079,114.615,113.319,110.255,119.994,119.744,117.018,115.347
2014-10-31,abbevillelafayettems,126.22,127.46,124.769,121.379,119.272,116.576,113.59,119.117,129.81,128.08,127.15,118.33,129.0,125.73,125.66,118.95,124.786,123.183,122.309,120.891,121.62,119.695,119.563,117.894,119.047,117.203,115.448,115.082,116.442,113.139,113.313,112.61,114.391,114.148,113.575,110.255,119.257,117.473,116.842,115.347
2014-11-30,abbevillelafayettems,128.68,130.61,125.866,123.275,119.455,118.57,116.052,120.644,127.46,133.24,128.0,118.33,126.22,130.42,126.48,118.95,124.769,125.649,121.853,120.891,121.379,122.44,119.158,117.894,119.272,118.411,114.67,115.082,116.576,117.39,113.587,112.61,113.59,116.079,112.423,110.255,119.117,119.994,116.338,115.347
2014-12-31,abbevillelafayettems,126.51,126.68,126.695,124.028,121.006,118.932,116.402,121.413,130.61,129.81,126.15,118.33,128.68,129.0,125.42,118.95,125.866,124.786,124.951,120.891,123.275,121.62,122.289,117.894,119.455,119.047,119.089,115.082,118.57,116.442,117.776,112.61,116.052,114.391,114.615,110.255,120.644,119.257,119.744,115.347
2015-01-31,abbevillelafayettems,124.4,124.91,125.876,123.75,119.607,118.691,116.019,120.789,126.68,127.46,128.08,118.33,126.51,126.22,125.73,118.95,126.695,124.769,123.183,120.891,124.028,121.379,119.695,117.894,121.006,119.272,117.203,115.082,118.932,116.576,113.139,112.61,116.402,113.59,114.148,110.255,121.413,119.117,117.473,115.347
2015-02-28,abbevillelafayettems,126.34,127.24,125.59,122.554,118.622,118.038,115.222,120.005,124.91,130.61,133.24,124.1,124.4,128.68,130.42,123.37,125.876,125.866,125.649,119.109,123.75,123.275,122.44,115.979,119.607,119.455,118.411,113.7,118.691,118.57,117.39,110.817,116.019,116.052,116.079,109.005,120.789,120.644,119.994,113.722
2015-03-31,abbevillelafayettems,122.27,123.42,125.085,122.022,118.083,117.599,114.529,119.464,127.24,126.68,129.81,128.0,126.34,126.51,129.0,129.69,125.59,126.695,124.786,122.582,122.554,124.028,121.62,118.743,118.622,121.006,119.047,116.593,118.038,118.932,116.442,113.855,115.222,116.402,114.391,113.319,120.005,121.413,119.257,117.018
2015-04-30,abbevillelafayettems,121.39,122.47,123.594,120.573,117.816,115.638,113.321,118.188,123.42,124.91,127.46,127.15,122.27,124.4,126.22,125.66,125.085,125.876,124.769,122.309,122.022,123.75,121.379,119.563,118.083,119.607,119.272,115.448,117.599,118.691,116.576,113.313,114.529,116.019,113.59,113.575,119.464,120.789,119.117,116.842
2015-05-31,abbevillelafayettems,118.23,119.87,123.378,119.318,117.31,115.77,111.799,117.515,122.47,127.24,130.61,128.0,121.39,126.34,128.68,126.48,123.594,125.59,125.866,121.853,120.573,122.554,123.275,119.158,117.816,118.622,119.455,114.67,115.638,118.038,118.57,113.587,113.321,115.222,116.052,112.423,118.188,120.005,120.644,116.338
2015-06-30,abbevillelafayettems,118.98,119.75,122.729,119.612,116.555,114.475,111.248,116.924,119.87,123.42,126.68,126.15,118.23,122.27,126.51,125.42,123.378,125.085,126.695,124.951,119.318,122.022,124.028,122.289,117.31,118.083,121.006,119.089,115.77,117.599,118.932,117.776,111.799,114.529,116.402,114.615,117.515,119.464,121.413,119.744
2015-07-31,abbevillelafayettems,112.91,114.23,124.77,122.161,118.999,116.533,114.364,119.365,119.75,122.47,124.91,128.08,118.98,121.39,124.4,125.73,122.729,123.594,125.876,123.183,119.612,120.573,123.75,119.695,116.555,117.816,119.607,117.203,114.475,115.638,118.691,113.139,111.248,113.321,116.019,114.148,116.924,118.188,120.789,117.473
2015-08-31,abbevillelafayettems,115.25,116.46,124.741,121.583,118.719,116.896,115.829,119.554,114.23,119.87,127.24,133.24,112.91,118.23,126.34,130.42,124.77,123.378,125.59,125.649,122.161,119.318,122.554,122.44,118.999,117.31,118.622,118.411,116.533,115.77,118.038,117.39,114.364,111.799,115.222,116.079,119.365,117.515,120.005,119.994
2015-09-30,abbevillelafayettems,117.25,117.69,121.451,118.584,115.468,113.346,110.342,115.838,116.46,119.75,123.42,129.81,115.25,118.98,122.27,129.0,124.741,122.729,125.085,124.786,121.583,119.612,122.022,121.62,118.719,116.555,118.083,119.047,116.896,114.475,117.599,116.442,115.829,111.248,114.529,114.391,119.554,116.924,119.464,119.257
2015-10-31,abbevillelafayettems,113.02,114.53,120.457,117.966,115.548,112.43,109.984,115.277,117.69,114.23,122.47,127.46,117.25,112.91,121.39,126.22,121.451,124.77,123.594,124.769,118.584,122.161,120.573,121.379,115.468,118.999,117.816,119.272,113.346,116.533,115.638,116.576,110.342,114.364,113.321,113.59,115.838,119.365,118.188,119.117
2015-11-30,abbevillelafayettems,109.86,110.73,123.076,119.925,116.702,115.842,114.48,118.005,114.53,116.46,119.87,130.61,113.02,115.25,118.23,128.68,120.457,124.741,123.378,125.866,117.966,121.583,119.318,123.275,115.548,118.719,117.31,119.455,112.43,116.896,115.77,118.57,109.984,115.829,111.799,116.052,115.277,119.554,117.515,120.644
2015-12-31,abbevillelafayettems,108.7,109.02,120.736,119.088,115.304,112.535,111.176,115.768,110.73,117.69,119.75,126.68,109.86,117.25,118.98,126.51,123.076,121.451,122.729,126.695,119.925,118.584,119.612,124.028,116.702,115.468,116.555,121.006,115.842,113.346,114.475,118.932,114.48,110.342,111.248,116.402,118.005,115.838,116.924,121.413
2016-01-31,abbevillelafayettems,114.17,115.63,122.024,118.48,117.638,115.085,114.141,117.474,109.02,114.53,114.23,124.91,108.7,113.02,112.91,124.4,120.736,120.457,124.77,125.876,119.088,117.966,122.161,123.75,115.304,115.548,118.999,119.607,112.535,112.43,116.533,118.691,111.176,109.984,114.364,116.019,115.768,115.277,119.365,120.789
2016-02-29,abbevillelafayettems,110.41,111.8,116.732,113.842,110.695,109.314,107.533,111.623,115.63,110.73,116.46,127.24,114.17,109.86,115.25,126.34,122.024,123.076,124.741,125.59,118.48,119.925,121.583,122.554,117.638,116.702,118.719,118.622,115.085,115.842,116.896,118.038,114.141,114.48,115.829,115.222,117.474,118.005,119.554,120.005
2016-03-31,abbevillelafayettems,110.2,112.04,118.511,115.898,112.738,110.967,108.564,113.336,111.8,109.02,117.69,123.42,110.41,108.7,117.25,122.27,116.732,120.736,121.451,125.085,113.842,119.088,118.584,122.022,110.695,115.304,115.468,118.083,109.314,112.535,113.346,117.599,107.533,111.176,110.342,114.529,111.623,115.768,115.838,119.464
2016-04-30,abbevillelafayettems,112.63,111.03,117.66,114.81,111.801,110.12,106.384,112.155,112.04,115.63,114.53,122.47,110.2,114.17,113.02,121.39,118.511,122.024,120.457,123.594,115.898,118.48,117.966,120.573,112.738,117.638,115.548,117.816,110.967,115.085,112.43,115.638,108.564,114.141,109.984,113.321,113.336,117.474,115.277,118.188
2016-05-31,abbevillelafayettems,113.52,113.3,115.908,113.29,110.79,107.807,105.993,110.757,111.03,111.8,110.73,119.87,112.63,110.41,109.86,118.23,117.66,116.732,123.076,123.378,114.81,113.842,119.925,119.318,111.801,110.695,116.702,117.31,110.12,109.314,115.842,115.77,106.384,107.533,114.48,111.799,112.155,111.623,118.005,117.515
2016-06-30,abbevillelafayettems,116.69,117.71,118.414,115.243,112.012,110.929,107.343,112.788,113.3,112.04,109.02,119.75,113.52,110.2,108.7,118.98,115.908,118.511,120.736,122.729,113.29,115.898,119.088,119.612,110.79,112.738,115.304,116.555,107.807,110.967,112.535,114.475,105.993,108.564,111.176,111.248,110.757,113.336,115.768,116.924
2016-07-31,abbevillelafayettems,119.53,120.73,116.334,113.787,110.407,108.862,106.237,111.125,117.71,111.03,115.63,114.23,116.69,112.63,114.17,112.91,118.414,117.66,122.024,124.77,115.243,114.81,118.48,122.161,112.012,111.801,117.638,118.999,110.929,110.12,115.085,116.533,107.343,106.384,114.141,114.364,112.788,112.155,117.474,119.365
2016-08-31,abbevillelafayettems,121.52,121.72,117.333,115.164,111.573,109.705,108.434,112.442,120.73,113.3,111.8,116.46,119.53,113.52,110.41,115.25,116.334,115.908,116.732,124.741,113.787,113.29,113.842,121.583,110.407,110.79,110.695,118.719,108.862,107.807,109.314,116.896,106.237,105.993,107.533,115.829,111.125,110.757,111.623,119.554
2016-09-30,abbevillelafayettems,120.23,119.89,116.467,113.361,110.37,109.106,107.425,111.346,121.72,117.71,112.04,117.69,121.52,116.69,110.2,117.25,117.333,118.414,118.511,121.451,115.164,115.243,115.898,118.584,111.573,112.012,112.738,115.468,109.705,110.929,110.967,113.346,108.434,107.343,108.564,110.342,112.442,112.788,113.336,115.838
2016-10-31,abbevillelafayettems,121.62,121.88,115.55,112.078,110.623,107.906,105.654,110.362,119.89,120.73,111.03,114.53,120.23,119.53,112.63,113.02,116.467,116.334,117.66,120.457,113.361,113.787,114.81,117.966,110.37,110.407,111.801,115.548,109.106,108.862,110.12,112.43,107.425,106.237,106.384,109.984,111.346,111.125,112.155,115.277
2016-11-30,abbevillelafayettems,126.76,126.41,115.058,111.648,108.532,106.537,104.433,109.242,121.88,121.72,113.3,110.73,121.62,121.52,113.52,109.86,115.55,117.333,115.908,123.076,112.078,115.164,113.29,119.925,110.623,111.573,110.79,116.702,107.906,109.705,107.807,115.842,105.654,108.434,105.993,114.48,110.362,112.442,110.757,118.005
2016-12-31,abbevillelafayettems,127.29,126.75,114.974,111.146,108.945,106.863,105.26,109.437,126.41,119.89,117.71,109.02,126.76,120.23,116.69,108.7,115.058,116.467,118.414,120.736,111.648,113.361,115.243,119.088,108.532,110.37,112.012,115.304,106.537,109.106,110.929,112.535,104.433,107.425,107.343,111.176,109.242,111.346,112.788,115.768
2017-01-31,abbevillelafayettems,125.86,125.67,114.738,112.79,109.555,106.054,103.855,109.399,126.75,121.88,120.73,115.63,127.29,121.62,119.53,114.17,114.974,115.55,116.334,122.024,111.146,112.078,113.787,118.48,108.945,110.623,110.407,117.638,106.863,107.906,108.862,115.085,105.26,105.654,106.237,114.141,109.437,110.362,111.125,117.474
2017-02-28,abbevillelafayettems,126.61,128.36,114.855,111.628,108.84,106.607,104.531,109.292,125.67,126.41,121.72,111.8,125.86,126.76,121.52,110.41,114.738,115.058,117.333,116.732,112.79,111.648,115.164,113.842,109.555,108.532,111.573,110.695,106.054,106.537,109.705,109.314,103.855,104.433,108.434,107.533,109.399,109.242,112.442,111.623
2017-03-31,abbevillelafayettems,131.67,131.17,114.174,111.503,108.747,105.383,105.679,109.097,128.36,126.75,119.89,112.04,126.61,127.29,120.23,110.2,114.855,114.974,116.467,118.511,111.628,111.146,113.361,115.898,108.84,108.945,110.37,112.738,106.607,106.863,109.106,110.967,104.531,105.26,107.425,108.564,109.292,109.437,111.346,113.336
2017-04-30,abbevillelafayettems,131.21,132.6,115.895,112.974,108.581,109.308,105.074,110.367,131.17,125.67,121.88,111.03,131.67,125.86,121.62,112.63,114.174,114.738,115.55,117.66,111.503,112.79,112.078,114.81,108.747,109.555,110.623,111.801,105.383,106.054,107.906,110.12,105.679,103.855,105.654,106.384,109.097,109.399,110.362,112.155
2017-05-31,abbevillelafayettems,132.84,132.96,116.725,114.032,109.749,108.629,105.533,110.934,132.6,128.36,126.41,113.3,131.21,126.61,126.76,113.52,115.895,114.855,115.058,115.908,112.974,111.628,111.648,113.29,108.581,108.84,108.532,110.79,109.308,106.607,106.537,107.807,105.074,104.531,104.433,105.993,110.367,109.292,109.242,110.757
2017-06-30,abbevillelafayettems,127.17,129.03,116.378,113.318,110.604,108.005,105.846,110.83,132.96,131.17,126.75,117.71,132.84,131.67,127.29,116.69,116.725,114.174,114.974,118.414,114.032,111.503,111.146,115.243,109.749,108.747,108.945,112.012,108.629,105.383,106.863,110.929,105.533,105.679,105.26,107.343,110.934,109.097,109.437,112.788
2017-07-31,abbevillelafayettems,131.19,131.81,117.682,114.26,112.171,111.484,108.073,112.734,129.03,132.6,125.67,120.73,127.17,131.21,125.86,119.53,116.378,115.895,114.738,116.334,113.318,112.974,112.79,113.787,110.604,108.581,109.555,110.407,108.005,109.308,106.054,108.862,105.846,105.074,103.855,106.237,110.83,110.367,109.399,111.125
2017-08-31,abbevillelafayettems,126.73,127.84,117.162,114.008,111.43,109.704,106.597,111.78,131.81,132.96,128.36,121.72,131.19,132.84,126.61,121.52,117.682,116.725,114.855,117.333,114.26,114.032,111.628,115.164,112.171,109.749,108.84,111.573,111.484,108.629,106.607,109.705,108.073,105.533,104.531,108.434,112.734,110.934,109.292,112.442
2017-09-30,abbevillelafayettems,125.97,126.27,119.198,116.232,113.412,111.277,108.629,113.75,127.84,129.03,131.17,119.89,126.73,127.17,131.67,120.23,117.162,116.378,114.174,116.467,114.008,113.318,111.503,113.361,111.43,110.604,108.747,110.37,109.704,108.005,105.383,109.106,106.597,105.846,105.679,107.425,111.78,110.83,109.097,111.346
2017-10-31,abbevillelafayettems,125.91,125.61,119.059,115.577,112.612,111.127,109.018,113.479,126.27,131.81,132.6,121.88,125.97,131.19,131.21,121.62,119.198,117.682,115.895,115.55,116.232,114.26,112.974,112.078,113.412,112.171,108.581,110.623,111.277,111.484,109.308,107.906,108.629,108.073,105.074,105.654,113.75,112.734,110.367,110.362
2017-11-30,abbevillelafayettems,122.91,124.07,120.263,116.741,113.407,110.912,109.734,114.212,125.61,127.84,132.96,126.41,125.91,126.73,132.84,126.76,119.059,117.162,116.725,115.058,115.577,114.008,114.032,111.648,112.612,111.43,109.749,108.532,111.127,109.704,108.629,106.537,109.018,106.597,105.533,104.433,113.479,111.78,110.934,109.242
2017-12-31,abbevillelafayettems,121.24,122.01,121.208,118.218,115.81,113.037,110.43,115.741,124.07,126.27,129.03,126.75,122.91,125.97,127.17,127.29,120.263,119.198,116.378,114.974,116.741,116.232,113.318,111.146,113.407,113.412,110.604,108.945,110.912,111.277,108.005,106.863,109.734,108.629,105.846,105.26,114.212,113.75,110.83,109.437
2014-01-31,abbevillevermilionla,123.34,125.6,119.892,117.678,114.325,111.775,108.386,114.411,125.6,125.6,125.6,125.6,123.34,123.34,123.34,123.34,119.892,119.892,119.892,119.892,117.678,117.678,117.678,117.678,114.325,114.325,114.325,114.325,111.775,111.775,111.775,111.775,108.386,108.386,108.386,108.386,114.411,114.411,114.411,114.411
2014-02-28,abbevillevermilionla,122.95,122.9,120.698,117.779,113.992,112.802,111.037,115.262,125.6,125.6,125.6,125.6,123.34,123.34,123.34,123.34,119.892,119.892,119.892,119.892,117.678,117.678,117.678,117.678,114.325,114.325,114.325,114.325,111.775,111.775,111.775,111.775,108.386,108.386,108.386,108.386,114.411,114.411,114.411,114.411
2014-03-31,abbevillevermilionla,125.1,127.05,121.456,118.25,115.606,114.684,112.015,116.402,122.9,125.6,125.6,125.6,122.95,123.34,123.34,123.34,120.698,119.892,119.892,119.892,117.779,117.678,117.678,117.678,113.992,114.325,114.325,114.325,112.802,111.775,111.775,111.775,111.037,108.386,108.386,108.386,115.262,114.411,114.411,114.411
2014-04-30,abbevillevermilionla,128.39,130.37,121.669,118.433,116.371,114.164,111.611,116.45,127.05,125.6,125.6,125.6,125.1,123.34,123.34,123.34,121.456,119.892,119.892,119.892,118.25,117.678,117.678,117.678,115.606,114.325,114.325,114.325,114.684,111.775,111.775,111.775,112.015,108.386,108.386,108.386,116.402,114.411,114.411,114.411
2014-05-31,abbevillevermilionla,129.87,130.74,122.549,118.766,116.561,113.286,111.883,116.609,130.37,122.9,125.6,125.6,128.39,122.95,123.34,123.34,121.669,120.698,119.892,119.892,118.433,117.779,117.678,117.678,116.371,113.992,114.325,114.325,114.164,112.802,111.775,111.775,111.611,111.037,108.386,108.386,116.45,115.262,114.411,114.411
2014-06-30,abbevillevermilionla,130.38,131.81,123.475,120.317,119.198,114.504,112.935,118.086,130.74,127.05,125.6,125.6,129.87,125.1,123.34,123.34,122.549,121.456,119.892,119.892,118.766,118.25,117.678,117.678,116.561,115.606,114.325,114.325,113.286,114.684,111.775,111.775,111.883,112.015,108.386,108.386,116.609,116.402,114.411,114.411
2014-07-31,abbevillevermilionla,131.85,132.83,124.306,121.614,118.626,115.496,113.326,118.674,131.81,130.37,125.6,125.6,130.38,128.39,123.34,123.34,123.475,121.669,119.892,119.892,120.317,118.433,117.678,117.678,119.198,116.371,114.325,114.325,114.504,114.164,111.775,111.775,112.935,111.611,108.386,108.386,118.086,116.45,114.411,114.411
2014-08-31,abbevillevermilionla,130.81,131.1,123.024,120.057,116.65,116.423,113.244,117.879,132.83,130.74,122.9,125.6,131.85,129.87,122.95,123.34,124.306,122.549,120.698,119.892,121.614,118.766,117.779,117.678,118.626,116.561,113.992,114.325,115.496,113.286,112.802,111.775,113.326,111.883,111.037,108.386,118.674,116.609,115.262,114.411
2014-09-30,abbevillevermilionla,131.04,132.9,124.177,121.652,117.414,116.088,112.35,118.336,131.1,131.81,127.05,125.6,130.81,130.38,125.1,123.34,123.024,123.475,121.456,119.892,120.057,120.317,118.25,117.678,116.65,119.198,115.606,114.325,116.423,114.504,114.684,111.775,113.244,112.935,112.015,108.386,117.879,118.086,116.402,114.411
2014-10-31,abbevillevermilionla,132.91,134.42,124.671,121.19,119.024,117.421,114.574,119.376,132.9,132.83,130.37,125.6,131.04,131.85,128.39,123.34,124.177,124.306,121.669,119.892,121.652,121.614,118.433,117.678,117.414,118.626,116.371,114.325,116.088,115.496,114.164,111.775,112.35,113.326,111.611,108.386,118.336,118.674,116.45,114.411
2014-11-30,abbevillevermilionla,131.25,133.03,126.151,123.91,119.936,118.815,116.416,121.046,134.42,131.1,130.74,125.6,132.91,130.81,129.87,123.34,124.671,123.024,122.549,119.892,121.19,120.057,118.766,117.678,119.024,116.65,116.561,114.325,117.421,116.423,113.286,111.775,114.574,113.244,111.883,108.386,119.376,117.879,116.609,114.411
2014-12-31,abbevillevermilionla,127.38,128.23,123.915,121.932,118.461,115.755,113.867,118.786,133.03,132.9,131.81,125.6,131.25,131.04,130.38,123.34,126.151,124.177,123.475,119.892,123.91,121.652,120.317,117.678,119.936,117.414,119.198,114.325,118.815,116.088,114.504,111.775,116.416,112.35,112.935,108.386,121.046,118.336,118.086,114.411
2015-01-31,abbevillevermilionla,127.83,129.56,125.497,122.126,121.061,117.302,116.443,120.486,128.23,134.42,132.83,125.6,127.38,132.91,131.85,123.34,123.915,124.671,124.306,119.892,121.932,121.19,121.614,117.678,118.461,119.024,118.626,114.325,115.755,117.421,115.496,111.775,113.867,114.574,113.326,108.386,118.786,119.376,118.674,114.411
2015-02-28,abbevillevermilionla,128.05,129.84,125.654,122.755,120.064,117.591,115.37,120.287,129.56,133.03,131.1,122.9,127.83,131.25,130.81,122.95,125.497,126.151,123.024,120.698,122.126,123.91,120.057,117.779,121.061,119.936,116.65,113.992,117.302,118.815,116.423,112.802,116.443,116.416,113.244,111.037,120.486,121.046,117.879,115.262
2015-03-31,abbevillevermilionla,125.72,127.78,126.115,123.249,119.6,118.173,116.35,120.697,129.84,128.23,132.9,127.05,128.05,127.38,131.04,125.1,125.654,123.915,124.177,121.456,122.755,121.932,121.652,118.25,120.064,118.461,117.414,115.606,117.591,115.755,116.088,114.684,115.37,113.867,112.35,112.015,120.287,118.786,118.336,116.402
2015-04-30,abbevillevermilionla,121.31,123.99,125.098,122.063,118.898,116.432,116.973,119.893,127.78,129.56,134.42,130.37,125.72,127.83,132.91,128.39,126.115,125.497,124.671,121.669,123.249,122.126,121.19,118.433,119.6,121.061,119.024,116.371,118.173,117.302,117.421,114.164,116.35,116.443,114.574,111.611,120.697,120.486,119.376,116.45
2015-05-31,abbevillevermilionla,116.16,117.92,122.335,120.082,116.882,114.758,111.565,117.124,123.99,129.84,133.03,130.74,121.31,128.05,131.25,129.87,125.098,125.654,126.151,122.549,122.063,122.755,123.91,118.766,118.898,120.064,119.936,116.561,116.432,117.591,118.815,113.286,116.973,115.37,116.416,111.883,119.893,120.287,121.046,116.609
2015-06-30,abbevillevermilionla,116.53,117.47,126.427,122.615,121.285,118.179,116.308,120.963,117.92,127.78,128.23,131.81,116.16,125.72,127.38,130.38,122.335,126.115,123.915,123.475,120.082,123.249,121.932,120.317,116.882,119.6,118.461,119.198,114.758,118.173,115.755,114.504,111.565,116.35,113.867,112.935,117.124,120.697,118.786,118.086
2015-07-31,abbevillevermilionla,116.39,117.15,124.187,121.26,116.204,116.423,113.94,118.403,117.47,123.99,129.56,132.83,116.53,121.31,127.83,131.85,126.427,125.098,125.497,124.306,122.615,122.063,122.126,121.614,121.285,118.898,121.061,118.626,118.179,116.432,117.302,115.496,116.308,116.973,116.443,113.326,120.963,119.893,120.486,118.674
2015-08-31,abbevillevermilionla,114.72,114.74,123.205,121.038,118.745,113.663,113.295,117.989,117.15,117.92,129.84,131.1,116.39,116.16,128.05,130.81,124.187,122.335,125.654,123.024,121.26,120.082,122.755,120.057,116.204,116.882,120.064,116.65,116.423,114.758,117.591,116.423,113.94,111.565,115.37,113.244,118.403,117.124,120.287,117.879
2015-09-30,abbevillevermilionla,109.96,109.52,122.305,119.671,116.991,113.92,111.742,116.926,114.74,117.47,127.78,132.9,114.72,116.53,125.72,131.04,123.205,126.427,126.115,124.177,121.038,122.615,123.249,121.652,118.745,121.285,119.6,117.414,113.663,118.179,118.173,116.088,113.295,116.308,116.35,112.35,117.989,120.963,120.697,118.336
2015-10-31,abbevillevermilionla,109.11,109.24,120.724,117.778,114.961,112.746,110.671,115.376,109.52,117.15,123.99,134.42,109.96,116.39,121.31,132.91,122.305,124.187,125.098,124.671,119.671,121.26,122.063,121.19,116.991,116.204,118.898,119.024,113.92,116.423,116.432,117.421,111.742,113.94,116.973,114.574,116.926,118.403,119.893,119.376
2015-11-30,abbevillevermilionla,108.08,110.87,118.684,115.633,113.125,109.029,108.42,112.978,109.24,114.74,117.92,133.03,109.11,114.72,116.16,131.25,120.724,123.205,122.335,126.151,117.778,121.038,120.082,123.91,114.961,118.745,116.882,119.936,112.746,113.663,114.758,118.815,110.671,113.295,111.565,116.416,115.376,117.989,117.124,121.046
2015-12-31,abbevillevermilionla,111.13,110.16,121.729,119.085,116.129,113.807,112.199,116.59,110.87,109.52,117.47,128.23,108.08,109.96,116.53,127.38,118.684,122.305,126.427,123.915,115.633,119.671,122.615,121.932,113.125,116.991,121.285,118.461,109.029,113.92,118.179,115.755,108.42,111.742,116.308,113.867,112.978,116.926,120.963,118.786
2016-01-31,abbevillevermilionla,109.96,112.07,121.19,118.439,115.173,112.777,110.812,115.678,110.16,109.24,117.15,129.56,111.13,109.11,116.39,127.83,121.729,120.724,124.187,125.497,119.085,117.778,121.26,122.126,116.129,114.961,116.204,121.061,113.807,112.746,116.423,117.302,112.199,110.671,113.94,116.443,116.59,115.376,118.403,120.486
2016-02-29,abbevillevermilionla,113.27,115.9,119.547,117.688,111.88,112.222,109.797,114.227,112.07,110.87,114.74,129.84,109.96,108.08,114.72,128.05,121.19,118.684,123.205,125.654,118.439,115.633,121.038,122.755,115.173,113.125,118.745,120.064,112.777,109.029,113.663,117.591,110.812,108.42,113.295,115.37,115.678,112.978,117.989,120.287
2016-03-31,abbevillevermilionla,111.77,112.6,118.235,114.763,112.62,108.921,108.451,112.598,115.9,110.16,109.52,127.78,113.27,111.13,109.96,125.72,119.547,121.729,122.305,126.115,117.688,119.085,119.671,123.249,111.88,116.129,116.991,119.6,112.222,113.807,113.92,118.173,109.797,112.199,111.742,116.35,114.227,116.59,116.926,120.697
2016-04-30,abbevillevermilionla,112.82,114.8,116.437,113.157,110.944,107.128,105.789,110.691,112.6,112.07,109.24,123.99,111.77,109.96,109.11,121.31,118.235,121.19,120.724,125.098,114.763,118.439,117.778,122.063,112.62,115.173,114.961,118.898,108.921,112.777,112.746,116.432,108.451,110.812,110.671,116.973,112.598,115.678,115.376,119.893
2016-05-31,abbevillevermilionla,111.6,114.0,116.709,113.463,110.026,108.812,107.64,111.33,114.8,115.9,110.87,117.92,112.82,113.27,108.08,116.16,116.437,119.547,118.684,122.335,113.157,117.688,115.633,120.082,110.944,111.88,113.125,116.882,107.128,112.222,109.029,114.758,105.789,109.797,108.42,111.565,110.691,114.227,112.978,117.124
2016-06-30,abbevillevermilionla,112.66,112.86,114.81,111.758,109.041,107.005,105.033,109.529,114.0,112.6,110.16,117.47,111.6,111.77,111.13,116.53,116.709,118.235,121.729,126.427,113.463,114.763,119.085,122.615,110.026,112.62,116.129,121.285,108.812,108.921,113.807,118.179,107.64,108.451,112.199,116.308,111.33,112.598,116.59,120.963
2016-07-31,abbevillevermilionla,114.37,113.97,115.698,112.717,109.536,106.839,106.279,110.214,112.86,114.8,112.07,117.15,112.66,112.82,109.96,116.39,114.81,116.437,121.19,124.187,111.758,113.157,118.439,121.26,109.041,110.944,115.173,116.204,107.005,107.128,112.777,116.423,105.033,105.789,110.812,113.94,109.529,110.691,115.678,118.403
2016-08-31,abbevillevermilionla,120.73,120.61,115.783,112.787,110.575,107.502,105.558,110.441,113.97,114.0,115.9,114.74,114.37,111.6,113.27,114.72,115.698,116.709,119.547,123.205,112.717,113.463,117.688,121.038,109.536,110.026,111.88,118.745,106.839,108.812,112.222,113.663,106.279,107.64,109.797,113.295,110.214,111.33,114.227,117.989
2016-09-30,abbevillevermilionla,121.88,122.98,115.269,112.416,109.191,106.385,105.319,109.716,120.61,112.86,112.6,109.52,120.73,112.66,111.77,109.96,115.783,114.81,118.235,122.305,112.787,111.758,114.763,119.671,110.575,109.041,112.62,116.991,107.502,107.005,108.921,113.92,105.558,105.033,108.451,111.742,110.441,109.529,112.598,116.926
2016-10-31,abbevillevermilionla,124.42,125.83,115.896,112.547,109.282,108.411,105.946,110.417,122.98,113.97,114.8,109.24,121.88,114.37,112.82,109.11,115.269,115.698,116.437,120.724,112.416,112.717,113.157,117.778,109.191,109.536,110.944,114.961,106.385,106.839,107.128,112.746,105.319,106.279,105.789,110.671,109.716,110.214,110.691,115.376
2016-11-30,abbevillevermilionla,125.35,127.09,116.014,111.76,110.671,108.903,104.649,110.399,125.83,120.61,114.0,110.87,124.42,120.73,111.6,108.08,115.896,115.783,116.709,118.684,112.547,112.787,113.463,115.633,109.282,110.575,110.026,113.125,108.411,107.502,108.812,109.029,105.946,105.558,107.64,108.42,110.417,110.441,111.33,112.978
2016-12-31,abbevillevermilionla,128.59,128.31,114.406,111.47,108.351,106.932,104.473,109.126,127.09,122.98,112.86,110.16,125.35,121.88,112.66,111.13,116.014,115.269,114.81,121.729,111.76,112.416,111.758,119.085,110.671,109.191,109.041,116.129,108.903,106.385,107.005,113.807,104.649,105.319,105.033,112.199,110.399,109.716,109.529,116.59
2017-01-31,abbevillevermilionla,128.95,129.91,115.108,112.379,108.854,107.105,104.976,109.684,128.31,125.83,113.97,112.07,128.59,124.42,114.37,109.96,114.406,115.896,115.698,121.19,111.47,112.547,112.717,118.439,108.351,109.282,109.536,115.173,106.932,108.411,106.839,112.777,104.473,105.946,106.279,110.812,109.126,110.417,110.214,115.678
2017-02-28,abbevillevermilionla,130.38,130.69,116.16,113.665,109.549,107.948,107.198,110.904,129.91,127.09,120.61,115.9,128.95,125.35,120.73,113.27,115.108,116.014,115.783,119.547,112.379,111.76,112.787,117.688,108.854,110.671,110.575,111.88,107.105,108.903,107.502,112.222,104.976,104.649,105.558,109.797,109.684,110.399,110.441,114.227
2017-03-31,abbevillevermilionla,129.71,131.93,115.613,113.037,108.847,108.483,106.783,110.552,130.69,128.31,122.98,112.6,130.38,128.59,121.88,111.77,116.16,114.406,115.269,118.235,113.665,111.47,112.416,114.763,109.549,108.351,109.191,112.62,107.948,106.932,106.385,108.921,107.198,104.473,105.319,108.451,110.904,109.126,109.716,112.598
2017-04-30,abbevillevermilionla,129.1,131.14,115.329,113.07,109.609,106.708,104.272,109.798,131.93,129.91,125.83,114.8,129.71,128.95,124.42,112.82,115.613,115.108,115.896,116.437,113.037,112.379,112.547,113.157,108.847,108.854,109.282,110.944,108.483,107.105,108.411,107.128,106.783,104.976,105.946,105.789,110.552,109.684,110.417,110.691
2017-05-31,abbevillevermilionla,126.76,127.73,117.649,114.815,112.551,109.052,107.093,112.232,131.14,130.69,127.09,114.0,129.1,130.38,125.35,111.6,115.329,116.16,116.014,116.709,113.07,113.665,111.76,113.463,109.609,109.549,110.671,110.026,106.708,107.948,108.903,108.812,104.272,107.198,104.649,107.64,109.798,110.904,110.399,111.33
2017-06-30,abbevillevermilionla,131.87,133.92,116.992,113.388,111.676,109.311,106.682,111.61,127.73,131.93,128.31,112.86,126.76,129.71,128.59,112.66,117.649,115.613,114.406,114.81,114.815,113.037,111.47,111.758,112.551,108.847,108.351,109.041,109.052,108.483,106.932,107.005,107.093,106.783,104.473,105.033,112.232,110.552,109.126,109.529
2017-07-31,abbevillevermilionla,128.41,129.8,118.994,115.946,112.036,112.889,108.185,113.61,133.92,131.14,129.91,113.97,131.87,129.1,128.95,114.37,116.992,115.329,115.108,115.698,113.388,113.07,112.379,112.717,111.676,109.609,108.854,109.536,109.311,106.708,107.105,106.839,106.682,104.272,104.976,106.279,111.61,109.798,109.684,110.214
2017-08-31,abbevillevermilionla,124.72,126.8,116.182,112.662,110.086,107.718,106.803,110.69,129.8,127.73,130.69,120.61,128.41,126.76,130.38,120.73,118.994,117.649,116.16,115.783,115.946,114.815,113.665,112.787,112.036,112.551,109.549,110.575,112.889,109.052,107.948,107.502,108.185,107.093,107.198,105.558,113.61,112.232,110.904,110.441
2017-09-30,abbevillevermilionla,126.6,128.71,118.395,114.588,111.337,110.104,108.266,112.538,126.8,133.92,131.93,122.98,124.72,131.87,129.71,121.88,116.182,116.992,115.613,115.269,112.662,113.388,113.037,112.416,110.086,111.676,108.847,109.191,107.718,109.311,108.483,106.385,106.803,106.682,106.783,105.319,110.69,111.61,110.552,109.716
2017-10-31,abbevillevermilionla,122.62,122.76,120.195,115.973,114.584,111.91,110.472,114.627,128.71,129.8,131.14,125.83,126.6,128.41,129.1,124.42,118.395,118.994,115.329,115.896,114.588,115.946,113.07,112.547,111.337,112.036,109.609,109.282,110.104,112.889,106.708,108.411,108.266,108.185,104.272,105.946,112.538,113.61,109.798,110.417
2017-11-30,abbevillevermilionla,120.86,122.99,118.669,115.423,113.665,110.756,108.351,113.373,122.76,126.8,127.73,127.09,122.62,124.72,126.76,125.35,120.195,116.182,117.649,116.014,115.973,112.662,114.815,111.76,114.584,110.086,112.551,110.671,111.91,107.718,109.052,108.903,110.472,106.803,107.093,104.649,114.627,110.69,112.232,110.399
2017-12-31,abbevillevermilionla,119.48,120.07,120.103,116.44,114.366,112.175,110.405,114.698,122.99,128.71,133.92,128.31,120.86,126.6,131.87,128.59,118.669,118.395,116.992,114.406,115.423,114.588,113.388,111.47,113.665,111.337,111.676,108.351,110.756,110.104,109.311,106.932,108.351,108.266,106.682,104.473,113.373,112.538,111.61,109.126
